gi|333031|lcl|HPV16REF.1|,109,"T,C"
gi|333031|lcl|HPV16REF.1|,131,"A,G"
gi|333031|lcl|HPV16REF.1|,132,"G,C,T"
gi|333031|lcl|HPV16REF.1|,143,"C,G"
gi|333031|lcl|HPV16REF.1|,145,"G,T"
gi|333031|lcl|HPV16REF.1|,178,"T,A,G,C"
gi|333031|lcl|HPV16REF.1|,286,"T,A"
gi|333031|lcl|HPV16REF.1|,289,"A,G"
gi|333031|lcl|HPV16REF.1|,295,"T,G"
gi|333031|lcl|HPV16REF.1|,335,"C,T"
gi|333031|lcl|HPV16REF.1|,350,"T,G"
gi|333031|lcl|HPV16REF.1|,403,"A,G"
gi|333031|lcl|HPV16REF.1|,532,"A,G"
gi|333031|lcl|HPV16REF.1|,7175,"A,C"
gi|333031|lcl|HPV16REF.1|,7177,"T,C"
gi|333031|lcl|HPV16REF.1|,7201,"T,C"
gi|333031|lcl|HPV16REF.1|,7232,"A,C,G"
gi|333031|lcl|HPV16REF.1|,7233,"A,C"
gi|333031|lcl|HPV16REF.1|,7270,"C,T"
gi|333031|lcl|HPV16REF.1|,7287,"A,C"
gi|333031|lcl|HPV16REF.1|,7339,"A,T"
gi|333031|lcl|HPV16REF.1|,7348,"A,C"
gi|333031|lcl|HPV16REF.1|,7394,"C,T"
gi|333031|lcl|HPV16REF.1|,7395,"C,T"
gi|333031|lcl|HPV16REF.1|,7435,"G,A"
gi|333031|lcl|HPV16REF.1|,7485,"A,C"
gi|333031|lcl|HPV16REF.1|,7489,"G,A"
gi|333031|lcl|HPV16REF.1|,7507,"A,G,C"
gi|333031|lcl|HPV16REF.1|,7669,"C,T"
gi|333031|lcl|HPV16REF.1|,7689,"C,A"
gi|333031|lcl|HPV16REF.1|,7729,"A,C"
gi|333031|lcl|HPV16REF.1|,7730,"A,C"
gi|333031|lcl|HPV16REF.1|,7743,"T,G"
gi|333031|lcl|HPV16REF.1|,7764,"C,T"
gi|333031|lcl|HPV16REF.1|,7786,"C,T"
gi|333031|lcl|HPV16REF.1|,7826,"G,A"
gi|333031|lcl|HPV16REF.1|,7834,"G,T"
gi|333031|lcl|HPV16REF.1|,7837,"A,C"
gi|333031|lcl|HPV16REF.1|,7839,"A,G"
gi|333031|lcl|HPV16REF.1|,7842,"G,A,T"
gi|333031|lcl|HPV16REF.1|,7876,"C,A"
gi|333031|lcl|HPV16REF.1|,7886,"C,G"
gi|333031|lcl|HPV16REF.1|,24,"C,T,G"
gi|333031|lcl|HPV16REF.1|,25,"T,C"
gi|333031|lcl|HPV16REF.1|,31,"C,T"
gi|333031|lcl|HPV16REF.1|,83,"A,C"
